Date,Kind,Model,Max Mode,Input (w/ Cache Write),Input (w/o Cache Write),Cache Read,Output Tokens,Total Tokens,Cost
"2025-11-18T20:47:12.195Z","Included","composer-1","No","12047","0","218624","1557","232228","0.07"
"2025-11-18T20:46:27.115Z","Included","composer-1","No","4519","0","417536","3082","425137","0.12"
"2025-11-18T20:45:34.350Z","Included","composer-1","No","8624","0","254496","3398","266518","0.09"
"2025-11-18T20:44:42.163Z","Included","composer-1","No","9071","0","181984","2971","194026","0.07"
"2025-11-18T20:44:05.349Z","Included","composer-1","No","11347","0","136224","3056","150627","0.06"
"2025-11-18T20:43:49.597Z","Included","composer-1","No","11868","0","31872","648","44388","0.02"
"2025-11-18T20:29:41.288Z","Included","composer-1","No","99401","0","9792","405","109598","0.10"
"2025-11-18T20:28:10.624Z","Included","composer-1","No","72679","0","44064","542","117285","0.09"
"2025-11-18T20:26:38.573Z","Included","gpt-5.1-codex","No","0","4882","171904","480","177266","0.03"
"2025-11-18T20:24:20.455Z","Included","gpt-5.1-codex","No","0","39380","3840","673","43893","0.06"
"2025-11-18T20:23:32.937Z","Included","gpt-5.1-codex","No","0","258","40064","75","40397","0.01"
"2025-11-18T20:22:31.795Z","Included","composer-1","No","12928","0","177728","898","191554","0.06"
"2025-11-18T20:21:11.177Z","Included","composer-1","No","24472","0","162592","705","187769","0.07"
"2025-11-18T20:20:27.236Z","Included","composer-1","No","103507","0","9632","499","113638","0.11"
"2025-11-18T20:20:21.178Z","Included","gpt-5.1-codex","No","0","36357","3840","97","40294","0.05"
"2025-11-18T20:20:09.105Z","Included","composer-1","No","82924","0","7104","545","90573","0.09"
"2025-11-18T20:17:25.952Z","Included","claude-4.5-sonnet-thinking","No","33352","251","0","477","34080","0.13"
"2025-11-18T20:15:50.411Z","Included","composer-1","No","74220","0","9760","499","84479","0.08"
"2025-11-18T20:15:36.889Z","Included","composer-1","No","20592","0","454752","1013","476357","0.14"
"2025-11-18T20:14:03.064Z","Included","composer-1","No","83803","0","6528","396","90727","0.09"
"2025-11-18T19:20:57.628Z","Included","gemini-3-pro-preview","No","0","9258","152484","200","161942","0.05"
"2025-11-18T19:17:28.872Z","Included","gemini-3-pro-preview","No","0","9666","243958","368","253992","0.07"
"2025-11-18T19:16:43.847Z","Included","gemini-3-pro-preview","No","0","5146","140666","378","146190","0.04"
"2025-11-18T19:15:35.906Z","Included","gemini-3-pro-preview","No","0","12169","254997","707","267873","0.08"
"2025-11-18T19:14:45.410Z","Included","gemini-3-pro-preview","No","0","23731","381333","864","405928","0.13"
"2025-11-18T19:13:19.790Z","Included","gemini-3-pro-preview","No","0","10899","160773","460","172132","0.06"
"2025-11-18T19:12:20.258Z","Included","gemini-3-pro-preview","No","0","23066","82065","512","105643","0.07"
"2025-11-18T19:12:15.864Z","Errored, Not Charged","gemini-3-pro-preview","No","0","0","0","0","0","0.00"
"2025-11-18T19:06:04.607Z","Included","gemini-3-pro-preview","No","0","14983","56349","519","71851","0.05"
"2025-11-18T18:57:40.913Z","Included","gemini-3-pro-preview","No","0","24234","99566","657","124457","0.08"
"2025-11-18T16:47:48.995Z","Included","composer-1","No","18619","0","180256","2626","201501","0.07"
"2025-11-18T16:46:03.559Z","Included","composer-1","No","12787","0","230080","2977","245844","0.08"
"2025-11-18T16:45:37.476Z","Included","composer-1","No","4637","0","6368","319","11324","0.01"
"2025-11-18T16:38:05.526Z","Included","composer-1","No","44421","0","204320","900","249641","0.10"
"2025-11-18T16:34:03.969Z","Included","claude-4.5-sonnet-thinking","No","12814","717","740844","3318","757693","0.32"
"2025-11-18T16:31:54.897Z","Included","claude-4.5-sonnet-thinking","No","79095","68","379039","1919","460121","0.44"
"2025-11-18T16:29:19.052Z","Included","composer-1","No","22349","0","96256","1205","119810","0.05"
"2025-11-18T16:28:22.386Z","Included","composer-1","No","11759","0","73824","1299","86882","0.04"
"2025-11-18T16:27:41.745Z","Included","composer-1","No","15138","0","55168","1067","71373","0.03"
"2025-11-18T16:14:42.168Z","Included","claude-4.5-sonnet-thinking","No","12287","8223","127417","804","148731","0.12"
"2025-11-18T16:13:03.571Z","Included","claude-4.5-sonnet-thinking","No","8151","135","183961","1961","194208","0.12"
"2025-11-18T16:12:23.199Z","Included","claude-4.5-sonnet-thinking","No","4089","474","172377","643","177583","0.08"
"2025-11-18T16:11:28.467Z","Included","claude-4.5-sonnet-thinking","No","4227","122","52481","1033","57863","0.05"
"2025-11-18T16:10:27.953Z","Included","claude-4.5-sonnet-thinking","No","4884","618","159676","1528","166706","0.09"
"2025-11-18T16:10:15.299Z","Aborted, Not Charged","claude-4.5-sonnet-thinking","No","0","0","0","0","0","0.00"
"2025-11-18T16:08:39.573Z","Included","claude-4.5-sonnet-thinking","No","2840","148","153639","1336","157963","0.08"
"2025-11-18T16:08:10.652Z","Included","claude-4.5-sonnet-thinking","No","1951","754","48155","239","51099","0.03"
"2025-11-18T16:04:02.310Z","Included","claude-4.5-sonnet-thinking","No","2660","128","145163","1377","149328","0.07"
"2025-11-18T16:03:38.890Z","Included","claude-4.5-sonnet-thinking","No","1048","127","46641","719","48535","0.03"
"2025-11-18T16:03:14.313Z","Included","claude-4.5-sonnet-thinking","No","0","0","0","0","0","0.00"
"2025-11-18T16:00:02.199Z","Included","claude-4.5-sonnet-thinking","No","5089","490","176974","1811","184364","0.10"
"2025-11-18T15:59:43.004Z","Included","claude-4.5-sonnet-thinking","No","4754","487","80928","824","86993","0.06"
"2025-11-18T15:58:59.860Z","Included","claude-4.5-sonnet-thinking","No","29755","512","132300","1793","164360","0.18"
"2025-11-18T15:57:15.204Z","Included","claude-4.5-sonnet-thinking","No","20317","132","276297","4215","300961","0.22"
"2025-11-18T15:56:30.991Z","Included","claude-4.5-sonnet-thinking","No","10114","342","73489","1327","85272","0.08"
"2025-11-18T15:56:10.863Z","Included","claude-4.5-sonnet-thinking","No","35041","139","0","460","35640","0.14"
"2025-11-18T15:46:30.252Z","Included","claude-4.5-sonnet-thinking","No","28889","145","54792","1429","85255","0.15"
"2025-11-18T15:45:30.226Z","Included","claude-4.5-sonnet-thinking","No","48623","4834","86170","1679","141306","0.25"
"2025-11-18T15:36:43.107Z","Included","composer-1","No","5700","0","323424","707","329831","0.09"
"2025-11-18T15:36:29.332Z","Included","composer-1","No","9548","0","147808","332","157688","0.05"
"2025-11-18T15:36:02.950Z","Included","composer-1","No","15831","0","347104","2100","365035","0.11"
"2025-11-18T15:35:30.417Z","Included","composer-1","No","9542","0","318368","1500","329410","0.10"
"2025-11-18T15:34:29.286Z","Included","composer-1","No","4575","0","291168","2256","297999","0.09"
"2025-11-18T15:34:06.675Z","Included","composer-1","No","21072","0","185696","1354","208122","0.07"
"2025-11-18T15:33:04.793Z","Included","composer-1","No","7802","0","209888","1578","219268","0.07"
"2025-11-18T15:32:30.631Z","Included","composer-1","No","15035","0","93568","1208","109811","0.04"
"2025-11-18T15:31:29.539Z","Included","composer-1","No","15323","0","212096","2393","229812","0.08"
"2025-11-18T15:30:40.812Z","Included","composer-1","No","5750","0","54944","640","61334","0.02"
"2025-11-18T15:30:24.242Z","Included","composer-1","No","10396","0","48928","989","60313","0.03"
"2025-11-18T14:58:41.922Z","Errored, Not Charged","composer-1","No","0","205","0","37","242","0.000"
"2025-11-18T14:58:23.117Z","Included","composer-1","No","47497","0","471232","2498","521227","0.18"
"2025-11-18T14:54:39.838Z","Included","composer-1","No","53215","0","423488","2791","479494","0.17"
"2025-11-18T14:53:49.164Z","Included","composer-1","No","53","0","106784","253","107090","0.03"
"2025-11-18T14:52:23.195Z","Included","composer-1","No","101192","0","991392","7123","1099707","0.38"
"2025-11-18T14:50:24.237Z","Included","composer-1","No","2935","0","220288","1200","224423","0.06"
"2025-11-18T14:49:56.260Z","Included","composer-1","No","1382","0","212160","1128","214670","0.06"
"2025-11-18T14:49:28.818Z","Included","composer-1","No","3687","0","335840","1810","341337","0.09"
"2025-11-18T14:48:51.901Z","Included","composer-1","No","10226","0","236000","1859","248085","0.08"
"2025-11-18T14:48:32.574Z","Included","composer-1","No","7728","0","106912","338","114978","0.04"
"2025-11-18T14:47:53.307Z","Included","composer-1","No","3732","0","158208","2068","164008","0.05"
"2025-11-18T14:47:33.570Z","Included","composer-1","No","2686","0","97696","701","101083","0.03"
"2025-11-18T14:47:20.668Z","Included","composer-1","No","2002","0","46560","585","49147","0.02"
"2025-11-18T14:45:32.335Z","Included","composer-1","No","36903","0","420064","6287","463254","0.17"
"2025-11-18T14:39:04.006Z","Included","composer-1","No","1000","0","213920","389","215309","0.06"
"2025-11-18T14:38:28.830Z","Included","composer-1","No","25618","0","288480","716","314814","0.10"
"2025-11-18T14:37:36.792Z","Included","composer-1","No","24455","0","267808","857","293120","0.09"
"2025-11-18T14:35:59.317Z","Included","composer-1","No","80843","0","561984","3341","646168","0.23"
"2025-11-18T14:29:12.493Z","Included","composer-1","No","11411","0","319968","842","332221","0.09"
"2025-11-18T14:28:44.793Z","Errored, Not Charged","composer-1","No","12953","0","357696","1520","372169","0.11"
"2025-11-18T14:27:55.602Z","Included","composer-1","No","15438","0","392032","1784","409254","0.12"
"2025-11-18T14:27:15.034Z","Included","composer-1","No","19807","0","208448","1451","229706","0.08"
"2025-11-18T14:26:50.525Z","Included","composer-1","No","24135","0","97248","533","121916","0.05"
"2025-11-18T14:25:53.262Z","Included","composer-1","No","13391","0","255584","2108","271083","0.09"
"2025-11-18T14:24:56.491Z","Included","composer-1","No","21526","0","96608","2912","121046","0.06"
"2025-11-18T14:19:49.098Z","Included","composer-1","No","30387","0","105440","991","136818","0.06"
"2025-11-18T14:19:27.381Z","Included","composer-1","No","21496","0","172928","3251","197675","0.08"
"2025-11-18T14:13:21.427Z","Included","composer-1","No","63391","0","370144","2231","435766","0.16"
"2025-11-18T14:06:59.138Z","Included","composer-1","No","34822","0","408512","709","444043","0.14"
"2025-11-18T14:05:23.440Z","Included","composer-1","No","27124","0","272096","356","299576","0.10"
"2025-11-18T14:04:00.627Z","Included","composer-1","No","16222","0","252544","364","269130","0.08"
"2025-11-18T14:02:06.709Z","Included","composer-1","No","2910","0","386624","2240","391774","0.11"
"2025-11-18T14:01:46.787Z","Included","composer-1","No","17401","0","280288","1227","298916","0.09"
"2025-11-18T14:00:25.869Z","Included","composer-1","No","34369","0","276000","1751","312120","0.11"
"2025-11-18T13:58:29.921Z","Included","composer-1","No","20346","0","264704","1958","287008","0.09"
"2025-11-18T13:57:14.485Z","Included","composer-1","No","23075","0","96928","2357","122360","0.06"
"2025-11-18T13:55:01.533Z","Included","composer-1","No","18759","0","200384","2879","222022","0.08"
"2025-11-18T13:53:48.799Z","Included","composer-1","No","10028","0","95200","1235","106463","0.04"
"2025-11-18T13:53:19.605Z","Included","gpt-5.1-codex","No","0","0","0","0","0","0.00"
"2025-11-18T13:50:30.462Z","Included","gpt-5.1-codex","No","0","4029","299392","4183","307604","0.08"
"2025-11-18T13:50:21.066Z","Included","gpt-5.1-codex","No","0","316","34944","101","35361","0.01"
"2025-11-18T13:50:00.461Z","Included","gpt-5.1-codex","No","0","342","34688","143","35173","0.01"
"2025-11-18T13:49:42.827Z","Included","gpt-5.1-codex","No","0","328","34432","188","34948","0.01"
"2025-11-18T13:49:07.412Z","Included","gpt-5.1-codex","No","0","371","34176","155","34702","0.01"
"2025-11-18T13:48:50.086Z","Included","gpt-5.1-codex","No","0","294","34048","125","34467","0.01"
"2025-11-18T13:48:28.226Z","Included","gpt-5.1-codex","No","0","13933","20224","98","34255","0.02"
"2025-11-18T13:45:58.130Z","Included","gpt-5.1-codex","No","0","44887","552064","3771","600722","0.16"
"2025-11-18T13:45:29.617Z","Included","gpt-5.1-codex","No","0","10567","9216","170","19953","0.02"
"2025-11-18T13:43:46.918Z","Included","gpt-5.1-codex","No","0","1018","9344","200","10562","0.004"
"2025-11-18T13:43:24.413Z","Included","gpt-5.1-codex","No","0","4068","15104","691","19863","0.01"
"2025-11-18T13:43:05.820Z","Included","gpt-5.1-codex","No","0","3250","14080","393","17723","0.01"
"2025-11-18T13:41:40.064Z","Included","claude-4.5-sonnet-thinking","No","14072","10761","327496","1644","353973","0.21"
"2025-11-18T13:39:58.592Z","Errored, Not Charged","claude-4.5-sonnet-thinking","No","1991","543","72843","513","75890","0.04"
"2025-11-18T13:39:21.714Z","Included","claude-4.5-sonnet-thinking","No","6175","559","289552","1017","297303","0.13"
"2025-11-18T13:38:27.730Z","Included","claude-4.5-sonnet-thinking","No","6567","703","280278","1858","289406","0.14"
"2025-11-18T13:36:21.663Z","Included","claude-4.5-sonnet-thinking","No","16266","568","188636","1022","206492","0.13"
"2025-11-18T13:35:22.899Z","Included","claude-4.5-sonnet-thinking","No","15675","10938","366224","2068","394905","0.23"
"2025-11-18T13:33:27.926Z","Included","claude-4.5-sonnet-thinking","No","5256","508","98638","816","105218","0.06"
"2025-11-18T13:31:11.810Z","Included","claude-4.5-sonnet-thinking","No","16814","486","334366","2385","354051","0.20"
"2025-11-18T13:29:23.275Z","Included","claude-4.5-sonnet-thinking","No","14955","11049","115712","1663","143379","0.15"
"2025-11-18T13:28:52.663Z","Included","claude-4.5-sonnet-thinking","No","18727","600","84830","992","105149","0.11"
"2025-11-18T13:27:01.065Z","Included","claude-4.5-sonnet-thinking","No","23057","10960","153648","2722","190387","0.21"
"2025-11-18T13:25:43.952Z","Included","claude-4.5-sonnet-thinking","No","16835","490","1028767","4882","1050974","0.45"
"2025-11-18T13:24:51.093Z","Included","claude-4.5-sonnet-thinking","No","70337","4883","87094","864","163178","0.32"
"2025-11-18T13:24:21.721Z","Included","claude-4.5-sonnet-thinking","No","64836","12","11436","430","76714","0.25"
"2025-11-18T13:22:26.088Z","Included","claude-4.5-sonnet-thinking","No","21193","9817","814036","3416","848462","0.40"
"2025-11-18T13:22:04.413Z","Included","claude-4.5-sonnet-thinking","No","0","0","0","0","0","0.00"
"2025-11-18T13:20:22.293Z","Included","claude-4.5-sonnet-thinking","No","12869","9504","194235","2135","218743","0.17"
"2025-11-18T13:19:22.722Z","Included","claude-4.5-sonnet-thinking","No","4166","112","38729","606","43613","0.04"
"2025-11-18T13:18:21.121Z","Included","claude-4.5-sonnet-thinking","No","15041","149","108099","1990","125279","0.12"
"2025-11-18T13:17:42.452Z","Included","claude-4.5-sonnet-thinking","No","16559","9565","11436","553","38113","0.10"
"2025-11-18T13:14:46.686Z","Included","claude-4.5-sonnet-thinking","No","19625","9339","158320","2626","189910","0.19"
"2025-11-18T13:00:28.287Z","Errored, Not Charged","claude-4.5-sonnet-thinking","No","45232","2623","1115145","6931","1169931","0.61"
"2025-11-18T12:57:22.354Z","Included","claude-4.5-sonnet-thinking","No","42398","3240","294894","4131","344663","0.32"
"2025-11-18T12:01:20.543Z","Included","claude-4.5-sonnet-thinking","No","1298","4088","24827","639","30852","0.03"
"2025-11-18T11:59:29.372Z","Included","claude-4.5-sonnet-thinking","No","2232","62","74438","774","77506","0.04"
"2025-11-18T11:58:35.719Z","Included","claude-4.5-sonnet-thinking","No","6252","147","42412","620","49431","0.05"
"2025-11-18T11:58:13.103Z","Included","claude-4.5-sonnet-thinking","No","2733","139","36492","476","39840","0.03"
"2025-11-18T11:57:41.379Z","Included","claude-4.5-sonnet-thinking","No","3603","124","14436","535","18698","0.03"
"2025-11-18T11:56:39.268Z","Included","claude-4.5-sonnet-thinking","No","20370","606","96130","1210","118316","0.13"
"2025-11-18T11:55:47.217Z","Included","claude-4.5-sonnet-thinking","No","2981","3026","89769","1119","96895","0.06"
"2025-11-18T11:55:17.735Z","Included","claude-4.5-sonnet-thinking","No","8876","134","173441","1743","184194","0.11"
"2025-11-18T11:54:36.539Z","Included","claude-4.5-sonnet-thinking","No","6180","2451","77492","1831","87954","0.08"
"2025-11-18T11:53:48.168Z","Included","claude-4.5-sonnet-thinking","No","13393","2260","145031","2006","162690","0.13"
"2025-11-18T11:47:17.036Z","Included","claude-4.5-sonnet-thinking","No","77803","3913","216085","2210","300011","0.40"
"2025-11-18T11:37:30.727Z","Included","claude-4.5-sonnet-thinking","No","55705","178","270497","2397","328777","0.33"
"2025-11-18T11:35:51.993Z","Included","claude-4.5-sonnet-thinking","No","48216","625","242207","3154","294202","0.30"
"2025-11-18T11:33:05.717Z","Included","claude-4.5-sonnet-thinking","No","12949","2073","353673","2791","371486","0.20"
"2025-11-18T11:31:44.179Z","Included","claude-4.5-sonnet-thinking","No","5947","596","217363","1700","225606","0.11"
"2025-11-18T11:31:27.592Z","Included","claude-4.5-sonnet-thinking","No","0","0","0","0","0","0.00"
"2025-11-18T11:29:18.430Z","Included","claude-4.5-sonnet-thinking","No","8308","2168","104072","1440","115988","0.09"
"2025-11-18T11:27:53.172Z","Included","claude-4.5-sonnet-thinking","No","22060","1537","44010","1563","69170","0.12"
"2025-11-18T11:25:15.624Z","Included","claude-4.5-sonnet-thinking","No","8716","96","167984","3275","180071","0.13"
"2025-11-18T11:24:39.435Z","Included","claude-4.5-sonnet-thinking","No","9790","1441","67120","1499","79850","0.08"
"2025-11-18T11:20:32.346Z","Included","claude-4.5-sonnet-thinking","No","11137","1672","29512","1485","43806","0.08"
"2025-11-18T11:18:50.423Z","Included","claude-4.5-sonnet-thinking","No","141097","1430","278929","627","422083","0.63"
"2025-11-18T11:18:12.656Z","Included","claude-4.5-sonnet-thinking","No","6056","1098","404661","1530","413345","0.17"
"2025-11-18T11:17:47.936Z","Included","claude-4.5-sonnet-thinking","No","1061","2015","131685","235","134996","0.05"
"2025-11-18T11:14:57.006Z","Included","claude-4.5-sonnet-thinking","No","19705","174","244754","1021","265654","0.16"
"2025-11-18T11:13:58.144Z","Included","claude-4.5-sonnet-thinking","No","2285","18360","110784","574","132003","0.11"
"2025-11-18T11:11:14.695Z","Included","claude-4.5-sonnet-thinking","No","19343","161","316463","1263","337230","0.19"
"2025-11-18T11:10:50.897Z","Included","claude-4.5-sonnet-thinking","No","24564","17020","69014","520","111118","0.17"
"2025-11-18T11:07:19.738Z","Included","claude-4.5-sonnet-thinking","No","93843","175","429106","2774","525898","0.52"
"2025-11-18T11:06:28.993Z","Included","claude-4.5-sonnet-thinking","No","8981","122","248041","1654","258798","0.13"
"2025-11-18T11:05:52.712Z","Included","claude-4.5-sonnet-thinking","No","877","479","59376","977","61709","0.04"
"2025-11-18T11:04:57.241Z","Included","claude-4.5-sonnet-thinking","No","2649","466","56727","983","60825","0.04"
"2025-11-18T11:04:05.063Z","Included","claude-4.5-sonnet-thinking","No","2927","483","112483","2137","118030","0.08"
"2025-11-18T11:03:22.510Z","Included","claude-4.5-sonnet-thinking","No","759","113","54997","808","56677","0.03"
"2025-11-18T11:02:29.359Z","Included","claude-4.5-sonnet-thinking","No","3523","468","51474","1296","56761","0.05"
"2025-11-18T11:00:03.433Z","Included","claude-4.5-sonnet-thinking","No","7580","1528","152468","784","162360","0.09"
"2025-11-18T10:59:24.545Z","Included","claude-4.5-sonnet-thinking","No","4313","137","242108","1985","248543","0.12"
"2025-11-18T10:58:55.232Z","Included","claude-4.5-sonnet-thinking","No","373","124","46561","817","47875","0.03"
"2025-11-18T10:58:34.326Z","Included","claude-4.5-sonnet-thinking","No","0","0","0","0","0","0.00"
"2025-11-18T10:57:48.621Z","Included","claude-4.5-sonnet-thinking","No","974","1481","43807","709","46971","0.03"
"2025-11-18T10:56:40.420Z","Included","claude-4.5-sonnet-thinking","No","2611","133","130622","1220","134586","0.07"
"2025-11-18T10:56:05.304Z","Included","claude-4.5-sonnet-thinking","No","0","1187","42323","633","44143","0.03"
"2025-11-18T10:55:51.949Z","Aborted, Not Charged","claude-4.5-sonnet-thinking","No","0","0","0","0","0","0.00"
"2025-11-18T10:55:32.235Z","Included","claude-4.5-sonnet-thinking","No","4452","437","37054","852","42795","0.04"
"2025-11-18T10:53:31.160Z","Included","claude-4.5-sonnet-thinking","No","10690","479","67661","846","79676","0.07"
"2025-11-18T10:50:55.483Z","Included","claude-4.5-sonnet-thinking","No","10693","1870","91376","1625","105564","0.10"
"2025-11-18T10:49:57.706Z","Included","claude-4.5-sonnet-thinking","No","4781","159","227173","1873","233986","0.11"
"2025-11-18T10:49:43.731Z","Included","claude-4.5-sonnet-thinking","No","0","0","0","0","0","0.00"
"2025-11-18T10:49:25.513Z","Included","claude-4.5-sonnet-thinking","No","0","0","0","0","0","0.00"
"2025-11-18T10:49:00.430Z","Included","claude-4.5-sonnet-thinking","No","0","0","0","0","0","0.00"
"2025-11-18T10:47:28.614Z","Included","claude-4.5-sonnet-thinking","No","27511","704","187066","3711","218992","0.22"
"2025-11-18T10:45:46.936Z","Included","gemini-2.5-pro","No","0","4496","93905","215","98616","0.02"
"2025-11-18T10:45:10.694Z","Included","gemini-2.5-pro","No","0","2598","93828","626","97052","0.02"
"2025-11-18T10:44:42.094Z","Included","gemini-2.5-pro","No","0","1787","93800","530","96117","0.02"
"2025-11-18T10:44:15.131Z","Included","gemini-2.5-pro","No","0","984","93798","332","95114","0.02"
"2025-11-18T10:43:51.485Z","Included","gemini-2.5-pro","No","0","0","0","0","0","0.00"
"2025-11-18T10:43:08.865Z","Included","gemini-2.5-pro","No","0","31479","62514","516","94509","0.05"
"2025-11-18T10:41:42.445Z","Included","gemini-2.5-pro","No","0","36242","123244","1163","160649","0.07"
"2025-11-18T10:41:06.736Z","Included","gemini-2.5-pro","No","0","6899","57423","517","64839","0.02"
"2025-11-18T10:37:22.873Z","Included","gemini-2.5-pro","No","0","83535","37470","923","121928","0.12"
"2025-11-18T10:34:55.917Z","Included","gemini-2.5-pro","No","0","18574","94603","891","114068","0.04"
"2025-11-18T10:33:54.773Z","Included","gemini-2.5-pro","No","0","21227","74993","998","97218","0.05"
"2025-11-18T10:30:50.993Z","Included","gemini-2.5-pro","No","0","40153","0","869","41022","0.06"
"2025-11-18T10:29:28.848Z","Included","gemini-2.5-pro","No","0","38416","0","526","38942","0.05"
"2025-11-18T10:14:58.715Z","Included","gemini-2.5-pro","No","0","13608","100184","786","114578","0.04"
"2025-11-18T10:14:01.075Z","Included","gemini-2.5-pro","No","0","7539","62075","482","70096","0.02"
"2025-11-18T10:13:06.885Z","Included","gemini-2.5-pro","No","0","16149","50508","1153","67810","0.04"
"2025-11-18T10:11:53.104Z","Included","gemini-2.5-pro","No","0","4429","25401","147","29977","0.01"
"2025-11-18T10:10:57.911Z","Included","gemini-2.5-pro","No","0","2835","25250","737","28822","0.01"
"2025-11-18T10:10:32.667Z","Included","gemini-2.5-pro","No","0","0","0","0","0","0.00"
"2025-11-18T10:08:37.161Z","Included","gemini-2.5-pro","No","0","20943","79392","1437","101772","0.05"
"2025-11-18T10:07:11.189Z","Included","gemini-2.5-pro","No","0","3345","17531","642","21518","0.01"
"2025-11-18T10:02:14.211Z","Included","gemini-2.5-pro","No","0","8581","51905","296","60782","0.02"
"2025-11-18T09:58:41.166Z","Included","gemini-2.5-pro","No","0","8654","48185","737","57576","0.02"
"2025-11-18T09:57:00.666Z","Included","gemini-2.5-pro","No","0","6683","10286","353","17322","0.01"
"2025-11-18T09:55:48.205Z","Included","gemini-2.5-pro","No","0","9890","44626","209","54725","0.02"
"2025-11-18T09:52:27.611Z","Included","gemini-2.5-pro","No","0","1401","53054","140","54595","0.01"
"2025-11-18T09:52:03.843Z","Included","gemini-2.5-pro","No","0","4378","49237","155","53770","0.01"
"2025-11-18T09:51:35.212Z","Included","gemini-2.5-pro","No","0","3560","49209","199","52968","0.01"
"2025-11-18T09:49:44.845Z","Included","gemini-2.5-pro","No","0","2659","49148","550","52357","0.01"
"2025-11-18T09:47:48.879Z","Included","gemini-2.5-pro","No","0","5055","45338","190","50583","0.01"
"2025-11-18T09:46:57.932Z","Included","gemini-2.5-pro","No","0","4317","45291","371","49979","0.01"
"2025-11-18T09:45:46.374Z","Included","gemini-2.5-pro","No","0","3441","45231","513","49185","0.02"
"2025-11-18T09:44:15.711Z","Included","gemini-2.5-pro","No","0","6485","41438","258","48181","0.02"
"2025-11-18T09:43:42.930Z","Included","gemini-2.5-pro","No","0","11149","127235","754","139138","0.04"
"2025-11-18T09:42:19.568Z","Included","gemini-2.5-pro","No","0","1526","41101","595","43222","0.01"
"2025-11-18T09:40:48.381Z","Included","gemini-2.5-pro","No","0","27067","14929","236","42232","0.04"
"2025-11-18T09:39:56.029Z","Included","gemini-2.5-pro","No","0","4140","37309","207","41656","0.01"
"2025-11-18T09:38:53.741Z","Included","gemini-2.5-pro","No","0","7593","73897","586","82076","0.02"
"2025-11-18T09:38:48.791Z","Errored, Not Charged","gemini-2.5-pro","No","0","0","0","0","0","0.00"
"2025-11-18T09:37:32.373Z","Included","gemini-2.5-pro","No","0","0","0","0","0","0.00"
"2025-11-18T09:36:41.683Z","Included","gemini-2.5-pro","No","0","5168","33425","521","39114","0.02"
"2025-11-18T09:35:13.440Z","Included","gemini-2.5-pro","No","0","74186","33166","789","108141","0.10"
"2025-11-18T09:30:06.422Z","Included","gemini-2.5-pro","No","0","4369","29493","610","34472","0.02"
"2025-11-18T09:28:55.659Z","Included","gemini-2.5-pro","No","0","3533","29420","304","33257","0.01"
"2025-11-18T09:28:43.647Z","Included","gemini-2.5-pro","No","0","0","0","0","0","0.00"
"2025-11-18T09:28:00.004Z","Included","gemini-2.5-pro","No","0","3040","29379","415","32834","0.01"
"2025-11-18T09:26:33.293Z","Included","gemini-2.5-pro","No","0","2487","29330","485","32302","0.01"
"2025-11-18T09:25:26.081Z","Included","gemini-2.5-pro","No","0","1988","29285","406","31679","0.01"
"2025-11-18T09:24:38.639Z","Included","gemini-2.5-pro","No","0","1109","29194","839","31142","0.01"
"2025-11-18T09:24:20.382Z","Included","gemini-2.5-pro","No","0","0","0","0","0","0.00"
"2025-11-18T09:23:21.589Z","Included","gemini-2.5-pro","No","0","4141","25489","523","30153","0.01"
"2025-11-18T09:22:49.455Z","Included","gemini-2.5-pro","No","0","3523","25431","560","29514","0.01"
"2025-11-18T09:21:57.554Z","Included","gemini-2.5-pro","No","0","6211","21715","423","28349","0.01"
"2025-11-18T09:20:03.591Z","Included","gemini-2.5-pro","No","0","5128","21610","496","27234","0.01"
"2025-11-18T09:18:21.449Z","Included","gemini-2.5-pro","No","0","7990","42532","491","51013","0.02"
"2025-11-18T09:18:10.800Z","Included","gemini-2.5-pro","No","0","2393","21302","212","23907","0.01"
"2025-11-18T09:17:24.396Z","Included","gemini-2.5-pro","No","0","8139","38747","347","47233","0.02"
"2025-11-18T09:15:02.874Z","Included","gemini-2.5-pro","No","0","5823","13879","422","20124","0.01"
"2025-11-18T09:11:13.648Z","Included","gemini-2.5-pro","No","0","25392","73807","507","99706","0.05"
"2025-11-18T09:10:34.783Z","Included","composer-1","No","6036","0","342144","1377","349557","0.10"
"2025-11-18T09:09:16.923Z","Included","composer-1","No","3932","0","667744","2937","674613","0.18"
"2025-11-18T09:08:50.563Z","Included","composer-1","No","5882","0","310848","1532","318262","0.09"
"2025-11-18T09:08:12.312Z","Included","composer-1","No","39808","0","251296","1205","292309","0.11"
"2025-11-18T09:03:45.491Z","Included","composer-1","No","42086","0","1031104","8343","1081533","0.33"
"2025-11-18T09:02:54.262Z","Included","composer-1","No","44455","0","195616","2193","242264","0.10"
"2025-11-18T08:58:28.686Z","Included","composer-1","No","21162","0","17728","1004","39894","0.03"
"2025-11-18T08:58:03.301Z","Included","composer-1","No","28576","0","120320","1481","150377","0.06"
"2025-11-18T08:46:59.263Z","Included","composer-1","No","17173","0","102880","1385","121438","0.05"
"2025-11-18T08:46:14.088Z","Included","composer-1","No","14278","0","65888","1286","81452","0.04"
"2025-11-18T08:43:28.489Z","Included","composer-1","No","15691","0","37504","692","53887","0.03"
"2025-11-18T08:39:06.461Z","Included","composer-1","No","11573","0","24128","613","36314","0.02"
"2025-11-18T07:38:32.945Z","Included","composer-1","No","6939","0","184576","1448","192963","0.06"
"2025-11-18T07:37:24.467Z","Included","composer-1","No","5542","0","122208","1004","128754","0.04"
"2025-11-18T07:37:02.727Z","Included","composer-1","No","13919","0","98400","1124","113443","0.04"
"2025-11-18T07:35:11.472Z","Included","composer-1","No","24215","0","114496","1985","140696","0.06"
"2025-11-18T07:32:17.795Z","Included","composer-1","No","10003","0","56736","1551","68290","0.03"
"2025-11-18T07:27:53.233Z","Included","composer-1","No","7791","0","60320","582","68693","0.03"
"2025-11-18T07:27:29.810Z","Included","composer-1","No","26370","0","70784","768","97922","0.05"
"2025-11-18T07:18:54.006Z","Included","composer-1","No","24615","0","64800","899","90314","0.04"
"2025-11-18T07:12:29.118Z","Included","composer-1","No","14069","0","11648","405","26122","0.02"
"2025-11-18T07:10:35.565Z","Included","composer-1","No","3089","0","21824","457","25370","0.01"
"2025-11-18T07:10:13.260Z","Included","composer-1","No","18872","0","84672","1375","104919","0.05"
"2025-11-18T06:58:37.539Z","Included","composer-1","No","6394","0","123200","4286","133880","0.05"
"2025-11-18T06:58:28.303Z","Included","composer-1","No","13206","0","18880","840","32926","0.02"
"2025-11-17T15:22:23.112Z","Included","gemini-2.5-pro","No","0","3602","36149","993","40744","0.02"
"2025-11-17T15:21:21.410Z","Included","gemini-2.5-pro","No","0","39082","0","578","39660","0.05"
"2025-11-17T15:16:24.434Z","Included","gemini-2.5-pro","No","0","8000","28692","1127","37819","0.02"
"2025-11-17T15:14:59.829Z","Included","gemini-2.5-pro","No","0","4071","55858","681","60610","0.02"
"2025-11-17T15:14:27.831Z","Included","gemini-2.5-pro","No","0","1538","27954","297","29789","0.01"
"2025-11-17T15:13:26.157Z","Included","gemini-2.5-pro","No","0","1048","27887","528","29463","0.01"
"2025-11-17T15:11:36.800Z","Included","gemini-2.5-pro","No","0","14215","13887","800","28902","0.03"
"2025-11-17T15:09:16.120Z","Included","gemini-2.5-pro","No","0","22821","74269","1437","98527","0.05"
"2025-11-17T15:07:20.177Z","Included","gemini-2.5-pro","No","0","1324","11953","160","13437","0.005"
"2025-11-17T14:50:13.740Z","Included","claude-4.5-sonnet-thinking","No","1953","141","98906","430","101430","0.04"
"2025-11-17T14:49:55.713Z","Included","claude-4.5-sonnet-thinking","No","1480","139","96711","584","98914","0.04"
"2025-11-17T14:49:42.228Z","Included","claude-4.5-sonnet-thinking","No","11549","132","20152","409","32242","0.06"
"2025-11-17T14:48:46.617Z","Included","claude-4.5-sonnet-thinking","No","31568","561","69015","1453","102597","0.16"
"2025-11-17T14:47:27.499Z","Included","claude-4.5-sonnet-thinking","No","2340","520","126422","559","129841","0.06"
"2025-11-17T14:46:50.963Z","Included","claude-4.5-sonnet-thinking","No","3744","141","122794","558","127237","0.06"
"2025-11-17T14:46:04.653Z","Included","claude-4.5-sonnet-thinking","No","4603","131","118192","1678","124604","0.08"
"2025-11-17T14:45:18.284Z","Included","claude-4.5-sonnet-thinking","No","3978","146","174219","955","179298","0.08"
"2025-11-17T14:44:35.316Z","Included","claude-4.5-sonnet-thinking","No","2104","544","170058","908","173614","0.07"
"2025-11-17T14:43:59.812Z","Included","claude-4.5-sonnet-thinking","No","9197","85","47022","338","56642","0.05"
"2025-11-17T14:42:52.425Z","Included","claude-4.5-sonnet-thinking","No","55291","120","97558","3725","156694","0.29"
"2025-11-17T14:41:28.378Z","Included","claude-4.5-sonnet-thinking","No","31723","116","135900","2372","170111","0.20"
"2025-11-17T14:39:41.858Z","Included","claude-4.5-sonnet-thinking","No","53979","171","99780","4139","158069","0.29"
"2025-11-17T14:37:32.257Z","Included","gemini-2.5-pro","No","0","15130","57706","1272","74108","0.04"
"2025-11-17T14:34:24.871Z","Included","gemini-2.5-pro","No","0","32792","0","182","32974","0.04"
"2025-11-17T14:26:34.161Z","Included","gemini-2.5-pro-preview-05-06","No","0","0","0","0","0","0.00"
"2025-11-17T14:24:01.321Z","Included","gemini-2.5-pro","No","0","30171","29545","1319","61035","0.05"
"2025-11-17T14:22:03.804Z","Included","gemini-2.5-pro","No","0","16908","12765","1271","30944","0.04"
"2025-11-17T14:20:32.986Z","Included","gemini-2.5-pro","No","0","40281","119930","162","160373","0.07"
"2025-11-17T14:11:19.264Z","Errored, Not Charged","composer-1","No","7287","8498","335104","2072","352961","0.10"
"2025-11-17T13:48:38.193Z","Included","composer-1","No","63928","7079","172832","943","244782","0.11"
"2025-11-17T13:46:52.292Z","Included","composer-1","No","24568","5627","138048","1646","169889","0.07"
"2025-11-17T13:45:08.481Z","Included","composer-1","No","54220","4005","182240","2163","242628","0.11"
"2025-11-17T13:41:18.226Z","Included","gemini-2.5-pro","No","0","14442","35830","440","50712","0.03"
"2025-11-17T13:40:31.476Z","Included","gemini-2.5-pro","No","0","13423","28138","342","41903","0.02"
"2025-11-17T13:39:55.684Z","Included","gemini-2.5-pro","No","0","10895","50260","395","61550","0.02"
"2025-11-17T13:37:52.973Z","Included","gemini-2.5-pro","No","0","7232","36725","400","44357","0.02"
"2025-11-17T13:36:57.382Z","Included","gemini-2.5-pro","No","0","16090","9491","536","26117","0.03"
"2025-11-17T13:31:11.645Z","Included","composer-1","No","3265","0","81472","698","85435","0.03"
"2025-11-17T13:30:37.403Z","Included","composer-1","No","3352","0","70848","950","75150","0.02"
"2025-11-17T13:28:30.048Z","Included","composer-1","No","3768","0","108160","826","112754","0.03"
"2025-11-17T13:27:54.911Z","Included","composer-1","No","5397","0","93344","1257","99998","0.03"
"2025-11-17T13:27:22.845Z","Included","composer-1","No","16209","0","52416","1145","69770","0.03"
"2025-11-17T13:11:21.300Z","Included","gemini-2.5-pro","No","0","2831","5999","53","8883","0.005"
"2025-11-17T13:11:14.982Z","Included","gemini-2.5-pro","No","0","5493","10193","79","15765","0.01"
"2025-11-17T13:11:11.308Z","Included","gemini-2.5-pro","No","0","0","0","0","0","0.00"
"2025-11-17T13:10:11.101Z","Included","gemini-2.5-pro","No","0","7475","17744","236","25455","0.01"
"2025-11-17T13:10:02.302Z","Included","gemini-2.5-pro","No","0","14828","41056","556","56440","0.03"
"2025-11-17T13:08:15.980Z","Included","gemini-2.5-pro","No","0","3085","6079","65","9229","0.01"
"2025-11-17T13:08:08.148Z","Included","gemini-2.5-pro","No","0","2264","5892","29","8185","0.004"
"2025-11-16T15:01:24.367Z","Included","gemini-2.5-pro","No","0","10794","20111","419","31324","0.02"
"2025-11-16T15:00:38.775Z","Included","gemini-2.5-pro","No","0","3138","9774","93","13005","0.01"
"2025-11-16T14:59:42.508Z","Included","gemini-2.5-pro","No","0","15439","19121","274","34834","0.02"
"2025-11-16T14:57:29.240Z","Included","claude-4.5-sonnet-thinking","No","4363","74","114891","1519","120847","0.07"
"2025-11-16T14:57:06.189Z","Included","claude-4.5-sonnet-thinking","No","2429","76","72538","876","75919","0.04"
"2025-11-16T14:56:38.015Z","Included","claude-4.5-sonnet-thinking","No","4152","226","68392","396","73166","0.04"
"2025-11-16T14:56:03.573Z","Included","claude-4.5-sonnet-thinking","No","23675","625","80620","1978","106898","0.14"
"2025-11-16T14:54:24.704Z","Included","claude-4.5-sonnet-thinking","No","9228","90","289999","4635","303952","0.19"
"2025-11-16T14:54:07.251Z","Included","claude-4.5-sonnet-thinking","No","12083","76","35890","454","48503","0.06"
"2025-11-16T14:53:12.272Z","Included","claude-4.5-sonnet-thinking","No","39136","172","47118","1580","88006","0.19"
"2025-11-16T14:52:19.051Z","Included","claude-4.5-sonnet-thinking","No","14848","377","0","997","16222","0.07"
"2025-11-16T14:44:19.953Z","Included","gemini-2.5-pro","No","0","21634","20358","534","42526","0.03"
"2025-11-16T14:43:59.050Z","Errored, Not Charged","gemini-2.5-pro","No","0","546","9273","94","9913","0.003"
"2025-11-16T14:42:06.526Z","Included","gemini-2.5-pro","No","0","7906","22825","349","31080","0.02"
"2025-11-16T14:39:06.956Z","Included","gemini-2.5-pro","No","0","15405","19188","638","35231","0.03"
"2025-11-16T14:33:11.017Z","Included","claude-4.5-sonnet-thinking","No","8164","740","352707","2497","364108","0.18"
"2025-11-16T14:31:19.843Z","Included","claude-4.5-sonnet-thinking","No","57199","793","146623","895","205510","0.27"
"2025-11-16T14:27:58.939Z","Included","claude-4.5-sonnet-thinking","No","66152","273","577553","15865","659843","0.66"
"2025-11-16T14:27:28.637Z","Included","claude-4.5-sonnet-thinking","No","14487","660","0","950","16097","0.07"
"2025-11-16T14:26:27.686Z","Included","gemini-2.5-pro","No","0","4360","109705","211","114276","0.02"
"2025-11-16T14:25:24.183Z","Included","gemini-2.5-pro","No","0","5593","219230","511","225334","0.04"
"2025-11-16T14:24:20.126Z","Included","gemini-2.5-pro","No","0","10090","211035","640","221765","0.05"
"2025-11-16T14:23:26.305Z","Included","gemini-2.5-pro","No","0","10342","206424","717","217483","0.05"
"2025-11-16T14:21:47.851Z","Included","gemini-2.5-pro","No","0","31594","179697","657","211948","0.07"
"2025-11-16T14:19:06.122Z","Included","gemini-2.5-pro","No","0","14132","89956","454","104542","0.03"
"2025-11-16T14:17:03.107Z","Included","gemini-2.5-pro","No","0","10324","81883","581","92788","0.03"
"2025-11-16T14:14:14.097Z","Included","gemini-2.5-pro","No","0","9723","73890","174","83787","0.02"
"2025-11-16T14:13:24.458Z","Included","gemini-2.5-pro","No","0","9909","65873","328","76110","0.02"
"2025-11-16T14:11:57.830Z","Included","gemini-2.5-pro","No","0","0","0","0","0","0.00"
"2025-11-16T14:11:53.010Z","Included","gemini-2.5-pro","No","0","0","0","0","0","0.00"
"2025-11-16T14:10:19.623Z","Included","gemini-2.5-pro","No","0","16431","46332","180","62943","0.03"
"2025-11-16T14:05:10.836Z","Errored, Not Charged","gemini-2.5-pro","No","0","101003","45966","1165","148134","0.14"
"2025-11-16T14:04:13.723Z","Included","composer-1","No","33227","0","31104","1073","65404","0.05"
"2025-11-16T10:52:23.924Z","Included","composer-1","No","3802","0","250912","1062","255776","0.07"
"2025-11-16T10:51:20.049Z","Included","composer-1","No","54202","0","575744","3108","633054","0.21"
"2025-11-16T10:34:35.799Z","Included","composer-1","No","12808","1626","133312","527","148273","0.05"
"2025-11-16T10:33:46.408Z","Included","composer-1","No","1537","0","191136","5023","197696","0.07"
"2025-11-16T10:33:30.605Z","Included","composer-1","No","2013","0","118272","516","120801","0.03"
"2025-11-16T10:32:58.746Z","Included","composer-1","No","998","0","233632","403","235033","0.06"
"2025-11-16T10:32:51.232Z","Included","composer-1","No","4170","0","167136","490","171796","0.05"
"2025-11-16T10:32:13.855Z","Included","composer-1","No","4955","0","416864","5299","427118","0.13"
"2025-11-16T10:31:49.985Z","Included","composer-1","No","18068","0","75552","1171","94791","0.04"
"2025-11-16T10:31:00.142Z","Included","composer-1","No","17549","0","122656","2180","142385","0.06"
"2025-11-16T10:30:16.769Z","Included","composer-1","No","14952","0","74528","2548","92028","0.04"
"2025-11-16T10:25:35.466Z","Included","composer-1","No","36143","0","167296","2855","206294","0.09"
"2025-11-16T10:23:11.043Z","Included","gemini-2.5-pro","No","0","8106","29140","158","37404","0.02"
"2025-11-16T10:22:23.012Z","Included","gemini-2.5-pro","No","0","14470","9177","321","23968","0.02"
"2025-11-16T10:19:28.976Z","Included","composer-1","No","3762","1352","63904","1375","70393","0.03"
"2025-11-16T10:18:11.955Z","Included","composer-1","No","1809","0","40448","880","43137","0.02"
"2025-11-16T10:17:47.537Z","Included","composer-1","No","1001","0","24032","346","25379","0.01"
"2025-11-16T10:16:19.884Z","Included","composer-1","No","1854","0","32256","858","34968","0.01"
"2025-11-16T10:15:50.079Z","Included","composer-1","No","18791","0","84192","737","103720","0.04"
"2025-11-16T10:13:07.917Z","Included","composer-1","No","15631","0","187424","2517","205572","0.07"
"2025-11-16T10:12:36.047Z","Included","composer-1","No","3728","0","79168","854","83750","0.03"
"2025-11-16T10:11:52.271Z","Included","composer-1","No","7765","0","42208","814","50787","0.02"
"2025-11-16T10:05:45.242Z","Included","gemini-2.5-pro","No","0","1766","85387","676","87829","0.02"
"2025-11-16T10:04:17.912Z","Included","gemini-2.5-pro","No","0","2113","170621","339","173073","0.03"
"2025-11-16T10:03:54.786Z","Included","gemini-2.5-pro","No","0","3929","81494","368","85791","0.02"
"2025-11-16T10:01:56.560Z","Included","gemini-2.5-pro","No","0","5033","77647","648","83328","0.02"
"2025-11-16T10:00:10.986Z","Included","gemini-2.5-pro","No","0","2897","77558","720","81175","0.02"
"2025-11-16T09:59:34.630Z","Included","gemini-2.5-pro","No","0","14108","65933","376","80417","0.03"
"2025-11-16T09:58:23.792Z","Included","gemini-2.5-pro","No","0","4213","130596","519","135328","0.03"
"2025-11-16T09:58:15.583Z","Included","gemini-2.5-pro","No","0","0","0","0","0","0.00"
"2025-11-16T09:57:59.478Z","Included","gemini-2.5-pro","No","0","7459","126650","202","134311","0.03"
"2025-11-16T09:57:34.157Z","Included","gemini-2.5-pro","No","0","3234","61472","936","65642","0.02"
"2025-11-16T09:56:30.265Z","Included","gemini-2.5-pro","No","0","14363","49936","374","64673","0.03"
"2025-11-16T09:54:03.976Z","Included","gemini-2.5-pro","No","0","12926","49890","327","63143","0.03"
"2025-11-16T09:53:17.212Z","Included","gemini-2.5-pro","No","0","32252","136922","1251","170425","0.07"
"2025-11-16T09:49:46.040Z","Included","gemini-2.5-pro","No","0","24315","112408","568","137291","0.05"
"2025-11-16T09:49:28.373Z","Included","gemini-2.5-pro","No","0","5429","37391","233","43053","0.01"
"2025-11-16T09:47:51.692Z","Included","gemini-2.5-pro","No","0","17310","63138","712","81160","0.04"
"2025-11-16T09:44:38.809Z","Included","gemini-2.5-pro","No","0","6504","65588","817","72909","0.02"
"2025-11-16T09:43:51.434Z","Included","gemini-2.5-pro","No","0","4534","29420","395","34349","0.01"
"2025-11-16T09:41:46.272Z","Included","gemini-2.5-pro","No","0","4338","25612","1005","30955","0.02"
"2025-11-16T09:41:18.366Z","Included","gemini-2.5-pro","No","0","7330","50939","473","58742","0.02"
"2025-11-16T09:40:35.486Z","Included","gemini-2.5-pro","No","0","17377","36187","237","53801","0.03"
"2025-11-16T09:39:40.217Z","Included","gemini-2.5-pro","No","0","20416","47072","514","68002","0.04"
"2025-11-16T09:36:52.669Z","Included","gemini-2.5-pro","No","0","5391","102310","330","108031","0.02"
"2025-11-16T09:36:23.473Z","Included","gemini-2.5-pro","No","0","2617","102308","234","105159","0.02"
"2025-11-16T09:36:10.558Z","Included","gemini-2.5-pro","No","0","0","0","0","0","0.00"
"2025-11-16T09:35:40.622Z","Included","gemini-2.5-pro","No","0","4040","98381","288","102709","0.02"
"2025-11-16T09:35:17.870Z","Included","gemini-2.5-pro","No","0","0","0","0","0","0.00"
"2025-11-16T09:33:52.215Z","Included","gemini-2.5-pro","No","0","180040","23543","1820","205403","0.25"
"2025-11-16T09:33:08.679Z","Included","gemini-2.5-pro","No","0","13157","180835","1163","195155","0.05"
"2025-11-16T09:32:01.297Z","Included","gemini-2.5-pro","No","0","8887","10489","961","20337","0.02"
"2025-11-16T09:31:10.870Z","Included","gemini-2.5-pro","No","0","14912","46228","284","61424","0.03"
"2025-11-16T09:28:10.323Z","Included","gemini-2.5-pro","No","0","6461","86453","1270","94184","0.03"
"2025-11-16T09:27:25.035Z","Included","gemini-2.5-pro","No","0","3381","86406","1096","90883","0.03"
"2025-11-16T09:26:29.214Z","Included","gemini-2.5-pro","No","0","13466","74594","1046","89106","0.04"
"2025-11-16T09:24:04.267Z","Included","gemini-2.5-pro","No","0","20544","148662","1234","170440","0.06"
"2025-11-16T09:23:39.924Z","Included","gemini-2.5-pro","No","0","24900","132948","200","158048","0.05"
"2025-11-16T09:22:06.862Z","Included","gemini-2.5-pro","No","0","13799","46512","332","60643","0.03"
"2025-11-16T09:21:06.787Z","Included","gemini-2.5-pro","No","0","50906","111873","2133","164912","0.10"
"2025-11-16T09:19:44.202Z","Included","gemini-2.5-pro","No","0","41819","23990","1102","66911","0.07"
"2025-11-16T09:18:46.887Z","Included","composer-1","No","2222","0","370112","1240","373574","0.10"
"2025-11-16T09:17:26.880Z","Included","composer-1","No","7682","0","466400","1506","475588","0.13"
"2025-11-16T09:16:31.690Z","Included","composer-1","No","8401","0","434560","2712","445673","0.13"
"2025-11-16T09:15:48.525Z","Included","composer-1","No","2451","0","403072","2154","407677","0.11"
"2025-11-16T09:15:36.888Z","Included","composer-1","No","116","0","95232","363","95711","0.03"
"2025-11-16T09:14:54.329Z","Included","composer-1","No","873","0","188320","710","189903","0.05"
"2025-11-16T09:14:10.296Z","Included","composer-1","No","261","0","92448","1132","93841","0.03"
"2025-11-16T09:13:46.821Z","Included","composer-1","No","24636","0","148480","339","173455","0.06"
"2025-11-16T09:06:01.540Z","Included","composer-1","No","34436","0","1019520","9714","1063670","0.33"
"2025-11-16T09:03:59.826Z","Included","composer-1","No","13373","0","322816","4461","340650","0.11"
"2025-11-16T09:01:29.928Z","Included","composer-1","No","6874","0","63136","1060","71070","0.03"
"2025-11-16T09:00:54.133Z","Included","composer-1","No","12617","0","46624","1281","60522","0.03"
